timestamp,temperature,humidity,soil_moisture,light_intensity,ph,co2
2026-05-23 20:53:49.883441,17.0,80.2,55.0,36,6.83,775
2026-05-23 21:03:49.883441,17.0,81.0,54.7,17,6.76,708
2026-05-23 21:13:49.883441,16.3,80.4,54.4,4,6.82,737
2026-05-23 21:23:49.883441,17.3,78.8,54.3,5,6.82,776
2026-05-23 21:33:49.883441,17.7,79.5,54.2,51,6.82,769
2026-05-23 21:43:49.883441,17.6,80.8,54.2,49,6.88,824
2026-05-23 21:53:49.883441,17.0,82.7,54.1,41,6.85,684
2026-05-23 22:03:49.883441,17.1,78.7,54.3,19,6.78,741
2026-05-23 22:13:49.883441,17.1,79.7,54.1,24,6.84,803
2026-05-23 22:23:49.883441,17.5,80.4,54.0,72,6.83,736
2026-05-23 22:33:49.883441,17.2,81.0,54.1,95,6.78,805
2026-05-23 22:43:49.883441,17.7,78.2,54.4,80,6.91,804
2026-05-23 22:53:49.883441,17.8,78.8,54.2,82,6.73,867
2026-05-23 23:03:49.883441,16.9,79.2,54.3,57,6.66,783
2026-05-23 23:13:49.883441,16.6,78.8,53.9,95,6.72,723
2026-05-23 23:23:49.883441,17.3,80.2,54.0,85,6.83,813
2026-05-23 23:33:49.883441,16.3,80.8,54.0,2,6.88,744
2026-05-23 23:43:49.883441,17.5,78.5,53.7,25,6.79,785
2026-05-23 23:53:49.883441,17.2,80.6,54.2,29,6.76,736
2026-05-24 00:03:49.883441,16.4,78.8,53.8,62,6.84,756
2026-05-24 00:13:49.883441,16.8,79.4,54.0,33,6.86,734
2026-05-24 00:23:49.883441,17.1,77.9,53.5,68,6.85,836
2026-05-24 00:33:49.883441,16.2,79.2,53.1,69,6.82,848
2026-05-24 00:43:49.883441,17.1,81.1,53.5,36,6.85,859
2026-05-24 00:53:49.883441,17.8,79.4,53.3,63,6.84,793
2026-05-24 01:03:49.883441,16.4,80.3,53.5,9,6.81,832
2026-05-24 01:13:49.883441,16.5,80.6,53.5,46,6.85,769
2026-05-24 01:23:49.883441,16.7,80.7,53.2,33,6.8,767
2026-05-24 01:33:49.883441,17.4,79.6,53.5,84,6.79,818
2026-05-24 01:43:49.883441,17.0,80.1,53.9,1,6.89,730
2026-05-24 01:53:49.883441,16.4,78.8,54.3,22,6.8,779
2026-05-24 02:03:49.883441,17.0,81.3,54.0,36,6.92,854
2026-05-24 02:13:49.883441,15.9,80.4,53.5,8,6.93,789
2026-05-24 02:23:49.883441,16.9,79.7,53.8,16,6.82,769
2026-05-24 02:33:49.883441,16.8,78.1,54.2,4,6.85,705
2026-05-24 02:43:49.883441,17.1,80.7,54.5,56,6.79,792
2026-05-24 02:53:49.883441,16.1,80.0,54.3,22,6.83,711
2026-05-24 03:03:49.883441,17.0,79.7,54.6,26,6.84,727
2026-05-24 03:13:49.883441,17.1,80.3,54.7,93,6.83,875
2026-05-24 03:23:49.883441,17.5,80.7,54.8,97,6.8,766
2026-05-24 03:33:49.883441,16.9,81.7,55.0,76,6.73,764
2026-05-24 03:43:49.883441,17.8,79.8,54.7,23,6.74,745
2026-05-24 03:53:49.883441,16.8,78.5,55.2,18,6.77,828
2026-05-24 04:03:49.883441,17.9,79.1,55.1,40,6.93,763
2026-05-24 04:13:49.883441,16.9,79.5,55.3,48,6.94,806
2026-05-24 04:23:49.883441,17.5,80.6,55.9,22,6.78,820
2026-05-24 04:33:49.883441,16.6,81.1,55.6,92,6.8,873
2026-05-24 04:43:49.883441,17.6,79.9,54.7,46,6.81,803
2026-05-24 04:53:49.883441,17.4,80.4,54.3,18,6.94,760
2026-05-24 05:03:49.883441,16.8,79.6,53.7,77,6.89,853
2026-05-24 05:13:49.883441,16.7,81.3,53.7,76,6.89,732
2026-05-24 05:23:49.883441,17.9,79.3,53.7,13,6.83,820
2026-05-24 05:33:49.883441,18.1,82.1,53.9,15,6.87,702
2026-05-24 05:43:49.883441,17.6,79.7,53.7,84,6.85,836
2026-05-24 05:53:49.883441,17.7,81.0,53.7,96,6.84,673
2026-05-24 06:03:49.883441,17.6,80.9,52.7,1042,6.87,498
2026-05-24 06:13:49.883441,17.8,80.0,52.6,3521,6.9,521
2026-05-24 06:23:49.883441,17.1,80.7,52.8,0,6.89,461
2026-05-24 06:33:49.883441,17.1,80.7,52.7,0,6.83,473
2026-05-24 06:43:49.883441,17.4,79.9,52.0,783,6.82,474
2026-05-24 06:53:49.883441,17.3,79.3,52.1,841,6.86,473
2026-05-24 07:03:49.883441,17.0,79.5,51.9,16416,6.86,429
2026-05-24 07:13:49.883441,16.8,79.8,51.4,12289,6.82,497
2026-05-24 07:23:49.883441,16.6,79.6,51.5,12697,6.83,473
2026-05-24 07:33:49.883441,17.3,80.0,51.4,11307,6.86,538
2026-05-24 07:43:49.883441,16.9,79.8,51.2,13434,6.88,483
2026-05-24 07:53:49.883441,17.0,80.0,50.8,12661,6.79,490
2026-05-24 08:03:49.883441,17.4,80.6,50.6,23179,6.88,493
2026-05-24 08:13:49.883441,16.6,80.4,51.0,27741,6.82,523
2026-05-24 08:23:49.883441,17.6,80.8,50.9,23290,6.96,508
2026-05-24 08:33:49.883441,15.9,78.0,50.6,25408,6.88,472
2026-05-24 08:43:49.883441,17.3,79.6,50.5,28116,6.92,493
2026-05-24 08:53:49.883441,17.4,78.8,50.6,24991,6.89,524
2026-05-24 09:03:49.883441,16.8,79.3,50.1,35700,6.78,500
2026-05-24 09:13:49.883441,17.0,81.5,49.6,31606,6.86,508
2026-05-24 09:23:49.883441,17.7,81.4,49.0,36783,6.86,499
2026-05-24 09:33:49.883441,16.5,80.5,49.1,33681,6.93,524
2026-05-24 09:43:49.883441,17.3,80.6,49.3,38452,6.84,499
2026-05-24 09:53:49.883441,17.0,79.7,49.4,35771,6.93,510
2026-05-24 10:03:49.883441,17.7,79.6,49.1,42443,6.9,485
2026-05-24 10:13:49.883441,16.4,78.7,49.4,43981,6.86,481
2026-05-24 10:23:49.883441,17.5,79.7,48.8,43491,6.86,455
2026-05-24 10:33:49.883441,17.9,80.5,49.0,43980,6.94,458
2026-05-24 10:43:49.883441,17.5,79.6,48.8,42131,6.86,552
2026-05-24 10:53:49.883441,16.8,78.2,48.9,45438,6.86,560
2026-05-24 11:03:49.883441,16.9,82.1,48.6,50158,6.87,517
2026-05-24 11:13:49.883441,17.1,79.9,48.7,48135,6.87,487
2026-05-24 11:23:49.883441,16.6,81.2,48.5,48255,6.92,505
2026-05-24 11:33:49.883441,17.5,79.8,48.3,46472,6.91,539
2026-05-24 11:43:49.883441,17.4,79.4,48.6,48894,6.94,526
2026-05-24 11:53:49.883441,17.6,78.8,48.7,47912,6.84,520
2026-05-24 12:03:49.883441,17.1,80.1,49.1,48874,6.94,491
2026-05-24 12:13:49.883441,17.3,78.5,49.0,52548,6.99,491
2026-05-24 12:23:49.883441,15.9,78.2,49.1,49246,6.9,524
2026-05-24 12:33:49.883441,17.4,80.0,48.7,50638,6.95,471
2026-05-24 12:43:49.883441,18.0,80.8,49.1,51095,6.89,466
2026-05-24 12:53:49.883441,18.3,78.9,49.2,49368,6.91,487
2026-05-24 13:03:49.883441,16.4,78.2,49.0,47220,6.92,491
2026-05-24 13:13:49.883441,17.3,79.8,49.4,49305,6.92,483
2026-05-24 13:23:49.883441,16.6,80.1,49.0,48590,6.95,472
2026-05-24 13:33:49.883441,17.4,79.8,49.0,47919,6.91,492
2026-05-24 13:43:49.883441,16.4,79.7,49.3,49328,6.84,525
2026-05-24 13:53:49.883441,17.0,78.9,49.3,47683,6.88,506
2026-05-24 14:03:49.883441,17.3,81.0,48.6,39565,6.86,484
2026-05-24 14:13:49.883441,16.9,79.6,48.4,45748,6.91,539
2026-05-24 14:23:49.883441,16.8,79.7,48.3,43032,6.91,491
2026-05-24 14:33:49.883441,18.1,78.4,48.7,44807,6.85,499
2026-05-24 14:43:49.883441,16.3,79.8,48.9,40175,6.87,543
2026-05-24 14:53:49.883441,17.3,78.9,48.9,45752,6.91,505
2026-05-24 15:03:49.883441,16.1,79.3,48.7,34526,6.91,534
2026-05-24 15:13:49.883441,17.5,80.0,48.6,33339,6.89,527
2026-05-24 15:23:49.883441,18.3,78.8,48.4,33978,6.91,482
2026-05-24 15:33:49.883441,17.3,78.3,48.1,35014,6.99,500
2026-05-24 15:43:49.883441,16.6,80.5,48.1,34569,6.93,511
2026-05-24 15:53:49.883441,17.9,79.3,48.1,34502,6.91,476
2026-05-24 16:03:49.883441,17.1,76.0,48.2,22848,6.93,512
2026-05-24 16:13:49.883441,17.2,80.8,48.0,25146,6.94,495
2026-05-24 16:23:49.883441,16.7,80.0,47.8,25212,6.96,479
2026-05-24 16:33:49.883441,16.9,81.0,48.1,25851,6.97,519
2026-05-24 16:43:49.883441,17.1,80.6,48.2,23459,6.92,495
2026-05-24 16:53:49.883441,17.0,79.8,48.2,26170,6.9,512
2026-05-24 17:03:49.883441,16.2,77.9,47.3,11414,6.94,508
2026-05-24 17:13:49.883441,17.0,78.4,47.5,14897,6.94,507
2026-05-24 17:23:49.883441,16.3,79.2,47.1,12683,6.9,521
2026-05-24 17:33:49.883441,17.4,79.9,46.8,14136,6.84,507
2026-05-24 17:43:49.883441,16.7,79.3,47.1,15333,7.01,526
2026-05-24 17:53:49.883441,17.5,80.0,47.0,12240,6.94,476
2026-05-24 18:03:49.883441,17.1,78.9,47.0,0,6.89,501
2026-05-24 18:13:49.883441,17.8,77.8,46.8,132,7.04,576
2026-05-24 18:23:49.883441,18.0,79.0,46.8,0,7.06,501
2026-05-24 18:33:49.883441,17.6,80.0,47.0,158,6.94,546
2026-05-24 18:43:49.883441,16.0,81.2,47.2,4180,6.9,454
2026-05-24 18:53:49.883441,17.0,79.0,47.3,0,7.04,430
2026-05-24 19:03:49.883441,17.3,78.5,46.9,45,6.94,853
2026-05-24 19:13:49.883441,17.6,80.5,46.7,51,6.93,801
2026-05-24 19:23:49.883441,17.9,79.0,47.0,73,6.97,752
2026-05-24 19:33:49.883441,17.6,79.2,46.9,8,6.97,835
2026-05-24 19:43:49.883441,17.4,80.4,46.8,73,6.97,820
2026-05-24 19:53:49.883441,17.0,79.9,46.7,40,6.99,802
2026-05-24 20:03:49.883441,17.1,79.3,46.9,2,6.97,744
2026-05-24 20:13:49.883441,17.4,81.2,46.8,6,6.92,840
2026-05-24 20:23:49.883441,17.1,79.6,46.5,31,6.92,689
2026-05-24 20:33:49.883441,17.3,79.8,46.2,91,6.99,785
2026-05-24 20:43:49.883441,17.2,78.9,46.4,8,7.0,829
2026-05-24 20:53:49.883441,16.4,79.6,46.3,42,6.98,862
2026-05-24 21:03:49.883441,17.3,78.7,46.7,47,6.92,837
2026-05-24 21:13:49.883441,17.1,81.0,46.6,90,6.9,849
2026-05-24 21:23:49.883441,17.8,79.2,46.8,45,7.02,754
2026-05-24 21:33:49.883441,17.2,79.4,46.8,16,6.95,788
2026-05-24 21:43:49.883441,16.5,79.2,46.8,35,6.96,759
2026-05-24 21:53:49.883441,18.0,78.7,46.8,81,6.96,888
2026-05-24 22:03:49.883441,17.9,77.7,47.0,82,6.89,870
2026-05-24 22:13:49.883441,17.2,80.6,46.7,79,7.04,816
2026-05-24 22:23:49.883441,18.2,79.7,46.1,1,6.92,815
2026-05-24 22:33:49.883441,17.2,77.6,46.3,16,6.94,732
2026-05-24 22:43:49.883441,16.4,80.0,46.5,55,7.03,841
2026-05-24 22:53:49.883441,18.2,78.0,46.6,26,6.91,632
2026-05-24 23:03:49.883441,16.9,77.8,46.4,29,6.98,765
2026-05-24 23:13:49.883441,17.8,79.5,46.6,59,6.98,814
2026-05-24 23:23:49.883441,17.0,80.0,46.8,43,6.93,863
2026-05-24 23:33:49.883441,17.5,79.1,47.0,70,6.97,822
2026-05-24 23:43:49.883441,17.7,78.8,47.5,7,6.93,867
2026-05-24 23:53:49.883441,16.7,78.7,47.3,27,7.02,804
2026-05-25 00:03:49.883441,18.6,78.7,47.3,69,6.93,858
2026-05-25 00:13:49.883441,17.5,80.7,47.5,59,6.9,917
2026-05-25 00:23:49.883441,18.5,79.3,47.4,38,7.02,835
2026-05-25 00:33:49.883441,17.3,81.8,47.2,49,6.98,759
2026-05-25 00:43:49.883441,18.1,80.5,47.5,54,6.99,802
2026-05-25 00:53:49.883441,16.9,78.6,47.6,2,7.03,810
2026-05-25 01:03:49.883441,18.5,81.1,47.7,74,7.02,752
2026-05-25 01:13:49.883441,17.0,80.5,47.9,85,7.0,859
2026-05-25 01:23:49.883441,18.4,79.1,48.1,19,6.91,772
2026-05-25 01:33:49.883441,17.9,79.2,48.3,76,6.93,772
2026-05-25 01:43:49.883441,18.1,80.1,48.7,98,6.96,799
2026-05-25 01:53:49.883441,17.1,79.7,48.5,62,6.93,817
2026-05-25 02:03:49.883441,17.6,79.2,47.9,100,7.05,779
2026-05-25 02:13:49.883441,17.7,79.3,47.8,49,7.04,770
2026-05-25 02:23:49.883441,17.7,79.0,47.8,36,6.97,910
2026-05-25 02:33:49.883441,17.7,77.9,47.9,19,6.94,803
2026-05-25 02:43:49.883441,18.3,79.0,47.3,22,6.96,752
2026-05-25 02:53:49.883441,17.7,78.0,47.0,69,6.96,853
2026-05-25 03:03:49.883441,17.8,78.6,46.9,1,7.05,938
2026-05-25 03:13:49.883441,18.5,77.6,46.9,6,7.08,860
2026-05-25 03:23:49.883441,17.5,79.6,46.6,34,6.94,792
2026-05-25 03:33:49.883441,17.1,78.8,46.9,74,7.0,849
2026-05-25 03:43:49.883441,18.6,80.3,47.0,28,6.91,757
2026-05-25 03:53:49.883441,17.1,77.7,47.1,73,6.95,806
2026-05-25 04:03:49.883441,17.8,78.8,46.9,15,7.0,720
2026-05-25 04:13:49.883441,17.7,79.4,47.4,24,7.04,693
2026-05-25 04:23:49.883441,17.8,80.0,47.4,12,7.0,744
2026-05-25 04:33:49.883441,17.6,79.0,47.5,100,6.99,896
2026-05-25 04:43:49.883441,17.6,80.0,47.6,35,6.98,709
2026-05-25 04:53:49.883441,17.1,79.3,47.5,55,7.08,808
2026-05-25 05:03:49.883441,17.5,77.4,48.0,86,6.89,922
2026-05-25 05:13:49.883441,17.8,78.1,48.6,66,6.98,804
2026-05-25 05:23:49.883441,17.2,78.7,48.5,1,6.94,722
2026-05-25 05:33:49.883441,18.2,80.2,48.2,15,6.93,740
2026-05-25 05:43:49.883441,17.8,79.1,48.2,86,7.0,818
2026-05-25 05:53:49.883441,16.8,78.8,48.0,73,7.04,912
2026-05-25 06:03:49.883441,17.5,78.2,48.6,0,7.04,490
2026-05-25 06:13:49.883441,17.6,79.9,48.4,0,7.03,519
2026-05-25 06:23:49.883441,16.9,78.0,48.2,75,7.0,508
2026-05-25 06:33:49.883441,18.0,79.4,48.0,852,7.0,519
2026-05-25 06:43:49.883441,17.4,80.5,48.5,1874,6.94,535
2026-05-25 06:53:49.883441,18.3,78.5,48.2,0,7.02,518
2026-05-25 07:03:49.883441,17.2,79.2,47.9,11480,6.99,521
2026-05-25 07:13:49.883441,17.5,79.6,48.3,13553,7.04,515
2026-05-25 07:23:49.883441,17.9,78.3,48.5,13227,7.06,503
2026-05-25 07:33:49.883441,17.3,78.8,48.1,17214,7.02,496
2026-05-25 07:43:49.883441,17.6,78.5,48.2,14193,6.96,511
2026-05-25 07:53:49.883441,17.3,80.3,48.5,13453,6.96,551
2026-05-25 08:03:49.883441,17.2,80.4,48.6,26069,7.04,497
2026-05-25 08:13:49.883441,18.4,79.4,48.9,25418,7.09,476
2026-05-25 08:23:49.883441,17.7,78.4,48.8,23856,7.03,488
2026-05-25 08:33:49.883441,17.5,80.0,48.4,24360,6.96,547
2026-05-25 08:43:49.883441,17.0,79.6,48.7,20028,6.96,550
2026-05-25 08:53:49.883441,17.0,78.8,48.6,26271,7.08,483
2026-05-25 09:03:49.883441,18.4,78.4,48.9,37408,7.06,538
2026-05-25 09:13:49.883441,17.9,79.0,49.2,36961,7.02,507
2026-05-25 09:23:49.883441,17.7,78.6,49.5,31268,7.04,533
2026-05-25 09:33:49.883441,17.6,78.0,49.5,34490,7.07,485
2026-05-25 09:43:49.883441,16.6,77.9,49.0,36291,7.02,492
2026-05-25 09:53:49.883441,18.0,77.9,49.3,34105,6.99,478
2026-05-25 10:03:49.883441,17.3,77.8,48.9,41549,7.01,554
2026-05-25 10:13:49.883441,18.0,80.6,49.0,41818,6.98,503
2026-05-25 10:23:49.883441,17.8,78.7,49.0,42191,6.93,462
2026-05-25 10:33:49.883441,17.7,78.3,49.1,41056,7.0,537
2026-05-25 10:43:49.883441,17.7,78.8,49.0,43045,6.98,464
2026-05-25 10:53:49.883441,17.4,79.5,48.8,43397,6.93,528
2026-05-25 11:03:49.883441,17.7,80.2,48.8,49179,7.09,474
2026-05-25 11:13:49.883441,17.7,77.4,49.0,49220,7.02,528
2026-05-25 11:23:49.883441,17.3,78.5,49.1,42055,7.14,523
2026-05-25 11:33:49.883441,17.5,77.5,49.3,46638,7.06,511
2026-05-25 11:43:49.883441,17.9,79.0,49.0,48440,7.03,458
2026-05-25 11:53:49.883441,17.0,76.4,49.3,49401,7.05,464
2026-05-25 12:03:49.883441,18.1,78.8,49.3,51150,7.0,474
2026-05-25 12:13:49.883441,17.7,76.6,49.1,46663,7.06,460
2026-05-25 12:23:49.883441,17.3,79.6,49.5,50784,7.02,502
2026-05-25 12:33:49.883441,17.6,79.2,49.0,52407,7.01,473
2026-05-25 12:43:49.883441,18.1,78.9,49.3,49906,6.98,498
2026-05-25 12:53:49.883441,17.6,76.5,49.9,47410,7.06,500
2026-05-25 13:03:49.883441,17.7,79.6,50.2,48445,7.02,494
2026-05-25 13:13:49.883441,18.1,79.2,49.9,51342,6.99,429
2026-05-25 13:23:49.883441,17.8,77.6,50.1,46949,7.07,498
2026-05-25 13:33:49.883441,17.8,78.1,50.3,47047,7.08,487
2026-05-25 13:43:49.883441,17.8,76.7,50.5,49948,6.99,495
2026-05-25 13:53:49.883441,18.5,79.6,50.2,48628,7.05,532
2026-05-25 14:03:49.883441,18.3,77.5,50.1,41524,7.09,505
2026-05-25 14:13:49.883441,17.0,78.3,50.1,43098,6.99,538
2026-05-25 14:23:49.883441,17.9,77.5,50.2,46021,7.06,522
2026-05-25 14:33:49.883441,17.7,77.5,50.4,41955,7.05,469
2026-05-25 14:43:49.883441,18.1,79.6,50.8,43787,6.99,504
2026-05-25 14:53:49.883441,18.2,77.8,50.7,44010,7.02,491
2026-05-25 15:03:49.883441,17.9,77.4,50.7,36447,7.05,451
2026-05-25 15:13:49.883441,18.5,76.7,50.9,36667,7.03,510
2026-05-25 15:23:49.883441,18.3,76.5,50.8,32022,7.07,497
2026-05-25 15:33:49.883441,18.2,76.5,50.8,32342,7.01,526
2026-05-25 15:43:49.883441,18.8,78.8,50.7,35655,7.14,525
2026-05-25 15:53:49.883441,17.9,75.5,50.7,37435,7.04,530
2026-05-25 16:03:49.883441,17.3,80.0,50.7,26220,7.15,488
2026-05-25 16:13:49.883441,18.5,78.3,50.4,22901,6.98,553
2026-05-25 16:23:49.883441,17.5,77.9,50.4,22332,7.1,521
2026-05-25 16:33:49.883441,17.8,79.9,50.7,27314,7.02,484
2026-05-25 16:43:49.883441,18.6,77.3,51.2,24688,7.12,497
2026-05-25 16:53:49.883441,18.1,77.1,51.1,21916,7.12,557
2026-05-25 17:03:49.883441,17.9,78.0,50.7,12006,7.02,468
2026-05-25 17:13:49.883441,18.7,78.7,50.7,10282,7.07,513
2026-05-25 17:23:49.883441,18.6,78.3,50.7,13752,7.06,507
2026-05-25 17:33:49.883441,18.4,79.4,50.3,11838,6.96,484
2026-05-25 17:43:49.883441,17.8,76.2,50.1,10247,7.09,506
2026-05-25 17:53:49.883441,18.6,78.9,50.0,15785,7.07,480
2026-05-25 18:03:49.883441,18.2,78.6,50.0,0,7.0,507
2026-05-25 18:13:49.883441,18.4,78.8,49.9,0,7.04,433
2026-05-25 18:23:49.883441,18.6,77.9,50.3,0,7.14,545
2026-05-25 18:33:49.883441,17.6,77.9,50.4,0,7.11,532
2026-05-25 18:43:49.883441,18.3,77.7,50.3,1185,7.03,505
2026-05-25 18:53:49.883441,17.6,75.9,50.4,171,6.99,467
2026-05-25 19:03:49.883441,17.9,77.9,50.4,88,7.06,831
2026-05-25 19:13:49.883441,18.1,79.0,50.2,42,7.07,845
2026-05-25 19:23:49.883441,17.6,79.3,50.0,88,7.08,851
2026-05-25 19:33:49.883441,18.9,77.2,49.6,99,7.05,740
2026-05-25 19:43:49.883441,17.6,78.0,49.3,33,7.0,770
2026-05-25 19:53:49.883441,18.5,76.8,49.0,15,7.12,800
2026-05-25 20:03:49.883441,18.5,77.9,49.0,17,7.12,862
2026-05-25 20:13:49.883441,18.4,76.9,48.6,4,7.09,787
2026-05-25 20:23:49.883441,18.1,79.8,48.1,87,7.04,737
2026-05-25 20:33:49.883441,18.1,78.3,48.0,68,7.06,901
2026-05-25 20:43:49.883441,17.8,76.3,47.7,18,7.09,893
2026-05-25 20:53:49.883441,18.9,78.3,48.0,48,7.16,832
2026-05-25 21:03:49.883441,17.7,78.2,47.8,54,7.11,725
2026-05-25 21:13:49.883441,17.7,78.2,47.7,6,7.06,844
2026-05-25 21:23:49.883441,18.1,76.8,47.6,0,7.15,779
2026-05-25 21:33:49.883441,17.9,76.1,47.7,6,7.08,786
2026-05-25 21:43:49.883441,18.1,77.1,47.9,47,7.06,818
2026-05-25 21:53:49.883441,18.2,78.7,48.0,88,7.09,803
2026-05-25 22:03:49.883441,18.1,77.8,48.1,4,7.08,735
2026-05-25 22:13:49.883441,18.2,78.1,48.4,4,7.12,803
2026-05-25 22:23:49.883441,17.9,78.5,48.1,66,7.04,778
2026-05-25 22:33:49.883441,18.8,77.8,47.8,2,7.09,847
2026-05-25 22:43:49.883441,18.6,76.6,47.6,33,7.06,824
2026-05-25 22:53:49.883441,17.8,77.1,47.5,67,7.08,808
2026-05-25 23:03:49.883441,18.1,77.7,47.7,30,7.15,760
2026-05-25 23:13:49.883441,18.8,79.5,47.6,64,6.96,807
2026-05-25 23:23:49.883441,18.1,76.3,47.6,69,7.06,844
2026-05-25 23:33:49.883441,18.5,77.5,47.5,80,7.04,759
2026-05-25 23:43:49.883441,18.6,78.7,47.3,95,7.06,801
2026-05-25 23:53:49.883441,18.3,79.6,47.5,22,7.14,789
2026-05-26 00:03:49.883441,17.7,77.8,47.5,47,7.11,771
2026-05-26 00:13:49.883441,18.5,77.8,47.2,78,7.01,815
2026-05-26 00:23:49.883441,18.1,79.0,47.2,62,7.05,787
2026-05-26 00:33:49.883441,18.6,78.6,46.9,86,7.14,737
2026-05-26 00:43:49.883441,18.6,78.2,46.6,43,7.01,765
2026-05-26 00:53:49.883441,17.9,77.3,46.5,76,7.11,764
2026-05-26 01:03:49.883441,18.4,77.5,46.6,52,7.1,796
2026-05-26 01:13:49.883441,17.9,76.1,46.8,67,7.09,817
2026-05-26 01:23:49.883441,18.1,76.7,46.2,79,7.18,748
2026-05-26 01:33:49.883441,18.4,75.6,46.0,5,7.14,810
2026-05-26 01:43:49.883441,17.9,78.5,45.9,100,7.05,888
2026-05-26 01:53:49.883441,18.3,77.5,46.4,75,7.05,796
2026-05-26 02:03:49.883441,19.0,76.1,45.8,45,7.11,775
2026-05-26 02:13:49.883441,19.2,79.6,46.2,62,7.15,771
2026-05-26 02:23:49.883441,18.5,75.6,46.4,83,7.12,765
2026-05-26 02:33:49.883441,18.9,77.3,46.1,5,7.06,762
2026-05-26 02:43:49.883441,19.0,76.5,46.2,30,7.01,752
2026-05-26 02:53:49.883441,19.0,77.7,45.9,81,7.21,785
2026-05-26 03:03:49.883441,18.0,76.5,46.4,28,7.01,787
2026-05-26 03:13:49.883441,18.5,77.4,46.3,28,7.02,814
2026-05-26 03:23:49.883441,18.4,77.0,46.5,76,7.03,743
2026-05-26 03:33:49.883441,19.1,76.5,46.5,77,7.0,755
2026-05-26 03:43:49.883441,19.4,77.1,46.7,91,7.0,822
2026-05-26 03:53:49.883441,18.9,76.7,46.4,50,7.01,789
2026-05-26 04:03:49.883441,19.0,77.3,46.4,47,7.08,840
2026-05-26 04:13:49.883441,18.9,77.1,46.4,97,7.17,764
2026-05-26 04:23:49.883441,18.2,76.5,45.9,23,7.13,718
2026-05-26 04:33:49.883441,18.2,76.7,46.2,76,7.06,830
2026-05-26 04:43:49.883441,18.7,77.0,45.6,45,7.15,717
2026-05-26 04:53:49.883441,18.9,76.5,45.7,72,7.07,825
2026-05-26 05:03:49.883441,18.8,76.5,45.9,83,7.09,723
2026-05-26 05:13:49.883441,19.0,75.8,46.0,89,7.07,826
2026-05-26 05:23:49.883441,18.4,77.5,45.5,9,7.05,860
2026-05-26 05:33:49.883441,18.6,78.9,45.4,69,7.08,710
2026-05-26 05:43:49.883441,18.7,78.8,45.5,15,7.07,762
2026-05-26 05:53:49.883441,18.1,77.3,45.4,1,7.07,874
2026-05-26 06:03:49.883441,18.2,76.7,45.8,2005,7.12,538
2026-05-26 06:13:49.883441,18.5,77.1,45.5,0,7.13,525
2026-05-26 06:23:49.883441,18.7,77.4,45.2,1038,7.14,503
2026-05-26 06:33:49.883441,18.0,78.1,45.6,0,7.02,530
2026-05-26 06:43:49.883441,18.7,75.5,45.3,471,7.02,518
2026-05-26 06:53:49.883441,18.9,77.6,45.0,712,7.21,492
2026-05-26 07:03:49.883441,19.2,75.4,45.3,13050,7.11,510
2026-05-26 07:13:49.883441,18.8,74.6,45.8,15124,7.15,504
2026-05-26 07:23:49.883441,19.6,77.2,45.7,10814,7.11,480
2026-05-26 07:33:49.883441,18.5,76.5,45.5,14603,7.11,456
2026-05-26 07:43:49.883441,18.1,76.5,44.9,13767,7.02,457
2026-05-26 07:53:49.883441,19.2,76.8,44.6,11712,7.14,520
2026-05-26 08:03:49.883441,17.9,78.4,44.5,24804,7.1,536
2026-05-26 08:13:49.883441,18.4,76.7,44.1,23338,7.07,494
2026-05-26 08:23:49.883441,19.1,76.0,44.4,24822,7.04,464
2026-05-26 08:33:49.883441,18.5,76.6,43.9,28113,6.94,469
2026-05-26 08:43:49.883441,18.5,76.0,44.2,28852,7.15,542
2026-05-26 08:53:49.883441,18.2,77.1,44.2,24112,7.07,494
2026-05-26 09:03:49.883441,18.5,77.4,44.7,37310,7.06,485
2026-05-26 09:13:49.883441,19.0,76.0,44.5,35335,7.11,457
2026-05-26 09:23:49.883441,19.1,76.2,44.6,37964,7.04,508
2026-05-26 09:33:49.883441,19.0,75.4,44.5,31191,7.04,457
2026-05-26 09:43:49.883441,18.8,75.8,44.7,32904,7.03,457
2026-05-26 09:53:49.883441,18.7,76.4,44.7,36527,7.08,466
2026-05-26 10:03:49.883441,19.4,77.4,45.2,48590,7.01,503
2026-05-26 10:13:49.883441,18.0,76.6,45.9,42425,6.98,548
2026-05-26 10:23:49.883441,19.1,75.2,45.9,42880,7.1,558
2026-05-26 10:33:49.883441,18.9,75.1,46.5,44539,7.06,469
2026-05-26 10:43:49.883441,17.8,76.4,46.8,45526,7.12,490
2026-05-26 10:53:49.883441,19.1,76.3,46.3,45020,7.09,476
2026-05-26 11:03:49.883441,18.9,78.1,46.3,47825,7.1,525
2026-05-26 11:13:49.883441,19.6,76.0,46.3,50431,7.16,443
2026-05-26 11:23:49.883441,17.9,78.2,46.1,50838,7.12,522
2026-05-26 11:33:49.883441,18.3,75.8,46.4,48104,7.07,486
2026-05-26 11:43:49.883441,18.7,77.2,46.2,51528,7.02,489
2026-05-26 11:53:49.883441,19.3,75.3,46.3,46636,7.1,500
2026-05-26 12:03:49.883441,18.6,74.8,45.6,46451,7.07,501
2026-05-26 12:13:49.883441,18.6,75.1,45.8,49556,7.08,500
2026-05-26 12:23:49.883441,19.9,76.0,45.9,51618,7.12,523
2026-05-26 12:33:49.883441,19.3,75.3,46.0,54269,7.1,518
2026-05-26 12:43:49.883441,18.8,76.2,46.1,49314,7.07,544
2026-05-26 12:53:49.883441,18.7,75.2,46.1,52986,7.11,479
2026-05-26 13:03:49.883441,19.2,76.3,46.3,49961,7.09,484
2026-05-26 13:13:49.883441,19.5,74.6,45.8,48113,7.1,471
2026-05-26 13:23:49.883441,18.5,76.9,45.8,50252,6.97,503
2026-05-26 13:33:49.883441,18.2,76.8,45.9,47140,7.14,443
2026-05-26 13:43:49.883441,19.2,73.6,46.0,45031,7.23,516
2026-05-26 13:53:49.883441,19.4,76.3,46.2,51908,7.12,513
2026-05-26 14:03:49.883441,19.6,75.2,46.6,42913,7.08,560
2026-05-26 14:13:49.883441,18.6,76.1,46.3,39946,7.07,456
2026-05-26 14:23:49.883441,20.1,75.0,46.1,42329,7.07,489
2026-05-26 14:33:49.883441,18.8,76.2,46.7,40538,7.04,507
2026-05-26 14:43:49.883441,19.4,74.9,46.8,44180,7.12,513
2026-05-26 14:53:49.883441,18.6,75.2,46.8,44393,7.07,467
2026-05-26 15:03:49.883441,18.6,76.7,46.8,34978,7.05,495
2026-05-26 15:13:49.883441,19.4,74.5,46.7,37723,7.1,508
2026-05-26 15:23:49.883441,18.7,76.3,47.0,36152,7.11,435
2026-05-26 15:33:49.883441,18.3,73.5,47.2,40747,7.18,459
2026-05-26 15:43:49.883441,18.8,76.9,47.1,35342,7.13,568
2026-05-26 15:53:49.883441,18.7,76.8,47.2,34244,7.21,509
2026-05-26 16:03:49.883441,19.1,75.3,47.3,24416,7.07,478
2026-05-26 16:13:49.883441,19.5,76.8,47.1,24758,7.12,502
2026-05-26 16:23:49.883441,18.6,75.5,46.7,25233,7.08,548
2026-05-26 16:33:49.883441,19.4,74.8,46.2,24342,7.09,471
2026-05-26 16:43:49.883441,19.3,74.3,45.8,22172,7.08,483
2026-05-26 16:53:49.883441,19.2,75.0,45.8,27757,7.09,589
2026-05-26 17:03:49.883441,19.5,75.5,45.5,14024,7.17,504
2026-05-26 17:13:49.883441,19.0,76.0,45.7,12172,7.12,526
2026-05-26 17:23:49.883441,19.8,76.0,45.6,15151,7.15,486
2026-05-26 17:33:49.883441,19.4,75.6,46.0,18463,7.11,515
2026-05-26 17:43:49.883441,19.0,77.2,46.3,9470,7.09,565
2026-05-26 17:53:49.883441,18.5,76.7,46.7,15264,7.21,562
2026-05-26 18:03:49.883441,19.4,75.6,46.8,978,7.04,537
2026-05-26 18:13:49.883441,19.1,75.7,46.9,0,7.16,470
2026-05-26 18:23:49.883441,19.3,75.8,46.9,1892,7.16,547
2026-05-26 18:33:49.883441,19.8,73.7,47.0,2515,7.12,515
2026-05-26 18:43:49.883441,19.6,75.7,47.0,0,7.05,465
2026-05-26 18:53:49.883441,19.9,76.4,46.9,0,7.06,509
2026-05-26 19:03:49.883441,19.5,74.1,47.1,39,7.11,721
2026-05-26 19:13:49.883441,19.8,74.6,46.8,5,7.17,810
2026-05-26 19:23:49.883441,19.4,75.9,46.8,69,7.13,816
2026-05-26 19:33:49.883441,19.6,76.6,46.9,13,7.1,876
2026-05-26 19:43:49.883441,18.7,75.5,46.3,88,7.12,847
2026-05-26 19:53:49.883441,19.8,75.2,45.8,30,7.06,743
2026-05-26 20:03:49.883441,19.9,74.7,45.5,0,7.09,761
2026-05-26 20:13:49.883441,18.9,74.4,45.5,45,7.08,779
2026-05-26 20:23:49.883441,18.8,73.0,45.3,96,7.03,842
2026-05-26 20:33:49.883441,19.6,76.2,45.2,58,7.05,805
2026-05-26 20:43:49.883441,20.4,74.5,44.9,42,7.04,782
2026-05-26 20:53:49.883441,19.7,75.4,45.1,50,7.05,790
2026-05-26 21:03:49.883441,18.4,74.4,45.1,47,7.07,849
2026-05-26 21:13:49.883441,19.6,74.6,45.3,9,7.18,717
2026-05-26 21:23:49.883441,19.3,75.2,45.3,63,7.14,877
2026-05-26 21:33:49.883441,19.6,74.1,45.1,4,7.17,780
2026-05-26 21:43:49.883441,18.8,74.4,44.7,41,7.1,842
2026-05-26 21:53:49.883441,19.0,75.4,44.8,43,7.06,754
2026-05-26 22:03:49.883441,21.0,73.6,44.9,29,7.05,740
2026-05-26 22:13:49.883441,19.9,75.8,44.5,99,7.03,810
2026-05-26 22:23:49.883441,19.3,76.2,44.5,24,7.28,875
2026-05-26 22:33:49.883441,18.7,74.7,44.2,86,7.12,842
2026-05-26 22:43:49.883441,18.9,74.0,43.9,58,7.13,797
2026-05-26 22:53:49.883441,19.5,75.8,43.9,98,7.13,779
2026-05-26 23:03:49.883441,20.3,76.5,43.6,54,7.11,807
2026-05-26 23:13:49.883441,19.6,75.7,44.0,55,7.16,853
2026-05-26 23:23:49.883441,20.4,74.4,43.9,6,7.17,773
2026-05-26 23:33:49.883441,19.8,75.1,43.8,65,7.11,811
2026-05-26 23:43:49.883441,20.5,77.0,43.8,72,7.11,767
2026-05-26 23:53:49.883441,20.4,76.2,43.8,61,7.06,790
2026-05-27 00:03:49.883441,20.4,74.1,43.8,23,7.02,757
2026-05-27 00:13:49.883441,19.7,74.3,43.9,69,7.21,759
2026-05-27 00:23:49.883441,19.4,74.0,43.7,30,7.04,764
2026-05-27 00:33:49.883441,19.7,74.6,44.1,1,7.07,724
2026-05-27 00:43:49.883441,20.4,74.3,44.0,18,7.1,747
2026-05-27 00:53:49.883441,20.7,75.2,44.0,11,7.0,707
2026-05-27 01:03:49.883441,20.4,73.2,43.9,55,7.1,798
2026-05-27 01:13:49.883441,19.0,73.1,43.9,84,7.18,855
2026-05-27 01:23:49.883441,19.5,74.6,44.3,93,7.04,710
2026-05-27 01:33:49.883441,19.8,74.0,43.4,87,7.09,807
2026-05-27 01:43:49.883441,20.0,75.0,43.5,36,7.23,746
2026-05-27 01:53:49.883441,20.6,76.0,43.5,35,7.03,802
2026-05-27 02:03:49.883441,20.1,75.8,43.4,77,7.07,889
2026-05-27 02:13:49.883441,21.3,72.4,43.6,97,7.14,788
2026-05-27 02:23:49.883441,19.0,74.3,43.2,54,7.13,824
2026-05-27 02:33:49.883441,19.3,73.6,43.0,9,7.15,822
2026-05-27 02:43:49.883441,20.0,73.8,43.2,58,7.1,881
2026-05-27 02:53:49.883441,20.4,74.2,43.5,99,7.02,813
2026-05-27 03:03:49.883441,19.9,74.3,43.8,31,7.14,795
2026-05-27 03:13:49.883441,20.2,74.3,43.2,86,7.01,868
2026-05-27 03:23:49.883441,20.9,72.7,43.2,98,7.07,842
2026-05-27 03:33:49.883441,20.3,75.1,43.1,99,7.11,787
2026-05-27 03:43:49.883441,20.0,74.9,42.9,2,7.08,853
2026-05-27 03:53:49.883441,20.2,73.3,43.0,64,7.05,788
2026-05-27 04:03:49.883441,19.5,74.3,43.5,64,7.09,704
2026-05-27 04:13:49.883441,19.9,72.9,43.3,7,7.06,719
2026-05-27 04:23:49.883441,19.4,72.9,43.1,17,6.97,797
2026-05-27 04:33:49.883441,20.3,75.0,42.9,92,7.09,844
2026-05-27 04:43:49.883441,20.0,75.2,42.7,2,7.02,760
2026-05-27 04:53:49.883441,20.6,74.7,42.8,80,7.04,779
2026-05-27 05:03:49.883441,19.7,75.8,43.0,31,7.12,807
2026-05-27 05:13:49.883441,20.7,74.8,42.8,88,7.11,904
2026-05-27 05:23:49.883441,19.2,75.1,42.6,49,7.14,829
2026-05-27 05:33:49.883441,20.2,75.2,42.8,30,7.11,787
2026-05-27 05:43:49.883441,20.5,72.9,42.6,66,6.99,815
2026-05-27 05:53:49.883441,19.4,73.3,42.4,24,7.08,787
2026-05-27 06:03:49.883441,19.5,72.9,42.4,0,7.11,454
2026-05-27 06:13:49.883441,20.3,74.3,42.6,1647,7.15,538
2026-05-27 06:23:49.883441,21.1,73.3,42.9,0,7.16,507
2026-05-27 06:33:49.883441,19.6,73.3,42.9,450,7.08,479
2026-05-27 06:43:49.883441,20.0,74.9,43.3,1708,7.1,451
2026-05-27 06:53:49.883441,20.3,73.0,43.6,0,7.09,508
2026-05-27 07:03:49.883441,19.5,74.9,43.2,9867,7.15,541
2026-05-27 07:13:49.883441,20.2,74.7,43.4,14790,7.01,463
2026-05-27 07:23:49.883441,20.7,74.4,43.7,12139,7.12,486
2026-05-27 07:33:49.883441,19.8,73.1,44.1,11271,7.09,469
2026-05-27 07:43:49.883441,20.5,74.7,43.6,14486,7.18,506
2026-05-27 07:53:49.883441,20.6,74.1,43.7,13855,7.19,489
2026-05-27 08:03:49.883441,20.7,72.3,43.7,25063,7.08,543
2026-05-27 08:13:49.883441,21.0,73.4,43.9,21148,7.05,525
2026-05-27 08:23:49.883441,20.4,73.1,44.4,23922,7.04,506
2026-05-27 08:33:49.883441,20.8,73.1,44.5,26486,7.19,516
2026-05-27 08:43:49.883441,19.8,73.9,44.5,24921,7.02,544
2026-05-27 08:53:49.883441,19.8,73.4,44.0,23004,7.08,510
2026-05-27 09:03:49.883441,19.8,73.6,44.3,35103,7.11,550
2026-05-27 09:13:49.883441,20.7,73.3,44.0,35403,7.1,536
2026-05-27 09:23:49.883441,20.4,74.8,44.9,35093,7.14,521
2026-05-27 09:33:49.883441,21.0,72.3,45.0,36663,7.05,526
2026-05-27 09:43:49.883441,20.5,72.6,45.0,33820,7.0,501
2026-05-27 09:53:49.883441,21.3,72.8,44.6,37043,7.1,546
2026-05-27 10:03:49.883441,20.6,73.8,44.2,41767,7.03,522
2026-05-27 10:13:49.883441,20.0,72.1,44.1,44674,7.1,477
2026-05-27 10:23:49.883441,21.0,73.1,43.6,42325,7.05,545
2026-05-27 10:33:49.883441,20.9,74.4,43.7,44653,7.06,488
2026-05-27 10:43:49.883441,21.2,73.9,44.1,40918,7.05,498
2026-05-27 10:53:49.883441,20.3,75.6,43.8,41657,7.07,484
2026-05-27 11:03:49.883441,19.7,73.0,43.0,47776,7.05,508
2026-05-27 11:13:49.883441,20.4,74.9,42.9,47247,6.96,495
2026-05-27 11:23:49.883441,20.9,74.1,43.2,46841,7.12,507
2026-05-27 11:33:49.883441,20.5,71.9,42.8,49262,7.07,553
2026-05-27 11:43:49.883441,20.7,75.1,42.8,47979,7.09,510
2026-05-27 11:53:49.883441,20.8,72.9,42.5,50030,7.06,517
2026-05-27 12:03:49.883441,22.2,73.1,42.6,52037,7.1,516
2026-05-27 12:13:49.883441,21.4,74.4,42.7,46094,7.04,496
2026-05-27 12:23:49.883441,21.0,72.5,42.5,47220,7.06,531
2026-05-27 12:33:49.883441,20.7,74.3,42.3,52437,7.07,511
2026-05-27 12:43:49.883441,21.1,72.7,42.6,48604,7.14,531
2026-05-27 12:53:49.883441,20.7,72.2,42.8,48351,7.08,511
2026-05-27 13:03:49.883441,20.7,73.5,43.3,48500,7.02,493
2026-05-27 13:13:49.883441,21.7,73.2,43.3,49362,7.07,497
2026-05-27 13:23:49.883441,20.3,73.7,43.3,46125,7.07,517
2026-05-27 13:33:49.883441,21.0,74.0,43.6,47587,7.04,441
2026-05-27 13:43:49.883441,20.2,71.2,43.6,45212,7.03,499
2026-05-27 13:53:49.883441,20.9,73.2,43.7,47698,7.04,479
2026-05-27 14:03:49.883441,20.6,72.3,43.4,41027,7.07,501
2026-05-27 14:13:49.883441,21.1,73.1,43.0,46610,7.08,520
2026-05-27 14:23:49.883441,21.5,73.4,43.2,45651,7.08,465
2026-05-27 14:33:49.883441,21.9,73.7,43.2,39500,7.0,527
2026-05-27 14:43:49.883441,21.4,73.7,43.0,42546,7.11,472
2026-05-27 14:53:49.883441,22.1,73.8,42.7,44407,7.05,506
2026-05-27 15:03:49.883441,21.0,73.4,42.4,34341,7.05,536
2026-05-27 15:13:49.883441,20.4,74.0,42.2,37586,7.14,440
2026-05-27 15:23:49.883441,20.8,73.6,42.0,33929,7.01,431
2026-05-27 15:33:49.883441,21.0,73.8,41.9,40446,7.0,471
2026-05-27 15:43:49.883441,21.6,70.9,42.0,33807,7.04,502
2026-05-27 15:53:49.883441,20.6,72.5,41.3,36896,7.08,558
2026-05-27 16:03:49.883441,20.3,73.1,41.5,24257,7.04,518
2026-05-27 16:13:49.883441,20.0,73.2,41.7,25311,7.12,492
2026-05-27 16:23:49.883441,21.5,74.1,41.6,23500,7.19,494
2026-05-27 16:33:49.883441,21.7,71.2,41.6,23909,7.0,477
2026-05-27 16:43:49.883441,21.0,71.5,41.5,23356,7.1,517
2026-05-27 16:53:49.883441,21.5,74.7,41.6,25851,7.08,536
2026-05-27 17:03:49.883441,20.6,71.9,41.7,13952,6.97,525
2026-05-27 17:13:49.883441,21.2,71.8,41.7,9295,7.08,460
2026-05-27 17:23:49.883441,21.0,71.7,41.9,15684,7.09,471
2026-05-27 17:33:49.883441,21.4,71.7,41.7,13926,6.99,527
2026-05-27 17:43:49.883441,19.7,72.0,41.6,12781,6.92,450
2026-05-27 17:53:49.883441,21.3,72.2,41.5,14133,7.05,513
2026-05-27 18:03:49.883441,21.4,72.5,41.3,0,7.06,441
2026-05-27 18:13:49.883441,21.7,71.9,41.3,0,7.03,499
2026-05-27 18:23:49.883441,20.9,70.1,41.6,0,7.01,499
2026-05-27 18:33:49.883441,21.1,72.0,41.5,0,7.0,505
2026-05-27 18:43:49.883441,21.5,72.0,41.7,1022,7.06,510
2026-05-27 18:53:49.883441,21.6,72.4,42.3,877,7.06,445
2026-05-27 19:03:49.883441,21.9,71.6,42.5,92,6.99,844
2026-05-27 19:13:49.883441,20.9,71.7,42.7,35,7.11,812
2026-05-27 19:23:49.883441,22.0,73.7,42.9,72,7.05,781
2026-05-27 19:33:49.883441,21.2,70.9,42.9,48,7.08,836
2026-05-27 19:43:49.883441,22.2,72.4,42.6,34,6.93,860
2026-05-27 19:53:49.883441,21.3,72.7,43.1,37,7.09,821
2026-05-27 20:03:49.883441,21.1,70.3,43.3,82,7.02,880
2026-05-27 20:13:49.883441,21.6,71.1,43.5,83,7.13,830
2026-05-27 20:23:49.883441,22.1,71.5,43.4,7,7.03,781
2026-05-27 20:33:49.883441,21.9,71.0,43.2,43,7.02,837
2026-05-27 20:43:49.883441,21.4,72.6,43.1,71,7.02,775
2026-05-27 20:53:49.883441,21.0,70.5,43.4,42,7.02,717
2026-05-27 21:03:49.883441,22.1,72.8,43.9,5,7.1,778
2026-05-27 21:13:49.883441,20.8,72.8,43.9,13,7.07,755
2026-05-27 21:23:49.883441,21.8,71.3,43.8,41,7.04,795
2026-05-27 21:33:49.883441,21.5,72.3,43.1,31,7.01,787
2026-05-27 21:43:49.883441,22.1,70.3,43.2,56,7.05,901
2026-05-27 21:53:49.883441,22.0,73.9,43.1,37,7.07,869
2026-05-27 22:03:49.883441,21.3,73.4,43.2,69,7.01,822
2026-05-27 22:13:49.883441,20.5,70.6,43.0,12,7.06,855
2026-05-27 22:23:49.883441,21.3,72.6,43.4,6,7.07,792
2026-05-27 22:33:49.883441,22.0,70.3,43.3,29,7.08,785
2026-05-27 22:43:49.883441,21.6,70.2,43.8,66,7.05,811
2026-05-27 22:53:49.883441,21.5,72.5,43.6,47,7.14,797
2026-05-27 23:03:49.883441,21.4,72.8,43.9,27,6.99,779
2026-05-27 23:13:49.883441,22.4,71.1,44.2,41,7.01,853
2026-05-27 23:23:49.883441,20.5,71.9,44.0,92,7.0,804
2026-05-27 23:33:49.883441,21.7,71.5,43.9,75,7.03,839
2026-05-27 23:43:49.883441,22.1,72.4,43.5,17,7.15,793
2026-05-27 23:53:49.883441,21.6,70.8,43.2,49,7.02,779
2026-05-28 00:03:49.883441,22.5,72.5,43.4,36,7.01,748
2026-05-28 00:13:49.883441,21.5,71.7,43.0,27,6.99,818
2026-05-28 00:23:49.883441,21.1,71.2,43.4,30,7.03,830
2026-05-28 00:33:49.883441,22.1,71.8,43.3,99,7.07,843
2026-05-28 00:43:49.883441,21.8,71.2,42.9,65,7.06,881
2026-05-28 00:53:49.883441,21.6,71.5,42.8,23,6.95,788
2026-05-28 01:03:49.883441,20.4,69.8,43.1,45,7.08,775
2026-05-28 01:13:49.883441,20.9,72.1,43.6,32,6.98,784
2026-05-28 01:23:49.883441,21.7,69.6,43.1,88,7.02,830
2026-05-28 01:33:49.883441,21.6,71.8,43.0,91,6.91,823
2026-05-28 01:43:49.883441,21.7,72.5,42.9,10,7.04,807
2026-05-28 01:53:49.883441,21.3,71.3,42.8,52,7.05,743
2026-05-28 02:03:49.883441,21.3,70.1,42.5,6,6.98,766
2026-05-28 02:13:49.883441,21.6,72.6,42.3,91,7.04,856
2026-05-28 02:23:49.883441,21.6,70.1,42.2,11,7.04,882
2026-05-28 02:33:49.883441,21.2,70.8,41.7,24,7.04,734
2026-05-28 02:43:49.883441,22.0,70.9,42.1,87,6.96,743
2026-05-28 02:53:49.883441,22.3,71.3,42.1,55,7.04,867
2026-05-28 03:03:49.883441,21.8,71.3,41.6,41,7.06,792
2026-05-28 03:13:49.883441,23.1,70.4,41.4,71,6.99,853
2026-05-28 03:23:49.883441,21.9,71.6,41.1,12,6.98,722
2026-05-28 03:33:49.883441,21.1,69.4,41.4,90,7.02,761
2026-05-28 03:43:49.883441,21.2,69.9,41.7,44,7.01,808
2026-05-28 03:53:49.883441,21.3,72.1,41.9,7,6.92,814
2026-05-28 04:03:49.883441,21.3,70.3,42.0,93,7.02,645
2026-05-28 04:13:49.883441,21.5,71.4,41.4,91,7.12,762
2026-05-28 04:23:49.883441,22.4,70.8,41.0,48,6.99,858
2026-05-28 04:33:49.883441,22.4,68.3,41.3,83,7.04,894
2026-05-28 04:43:49.883441,21.6,69.8,40.8,61,7.03,738
2026-05-28 04:53:49.883441,21.2,71.0,40.8,98,6.99,825
2026-05-28 05:03:49.883441,21.6,70.6,39.9,31,6.95,834
2026-05-28 05:13:49.883441,22.4,68.5,39.7,69,7.04,737
2026-05-28 05:23:49.883441,22.1,70.8,39.2,29,6.96,775
2026-05-28 05:33:49.883441,21.5,69.2,39.3,78,7.0,827
2026-05-28 05:43:49.883441,22.8,70.1,39.9,27,6.97,795
2026-05-28 05:53:49.883441,21.6,72.8,40.1,3,6.96,741
2026-05-28 06:03:49.883441,22.5,70.8,40.0,695,6.93,506
2026-05-28 06:13:49.883441,22.4,70.7,39.8,1027,6.97,542
2026-05-28 06:23:49.883441,21.8,69.3,39.7,755,7.0,521
2026-05-28 06:33:49.883441,22.0,69.7,39.6,0,6.9,506
2026-05-28 06:43:49.883441,21.8,70.3,39.4,0,6.99,502
2026-05-28 06:53:49.883441,22.7,70.2,38.9,0,6.92,467
2026-05-28 07:03:49.883441,21.7,70.8,39.2,14309,7.03,483
2026-05-28 07:13:49.883441,22.1,70.8,38.9,10470,6.98,487
2026-05-28 07:23:49.883441,21.5,71.0,38.9,11365,6.91,443
2026-05-28 07:33:49.883441,22.3,70.6,39.0,6173,6.92,500
2026-05-28 07:43:49.883441,22.1,70.3,38.3,15120,6.95,498
2026-05-28 07:53:49.883441,21.8,68.7,38.4,12316,7.05,587
2026-05-28 08:03:49.883441,21.9,69.3,38.3,22502,7.03,492
2026-05-28 08:13:49.883441,22.8,69.5,38.3,26420,7.01,474
2026-05-28 08:23:49.883441,22.2,69.6,38.5,27267,6.99,450
2026-05-28 08:33:49.883441,21.5,69.9,38.2,27611,6.96,463
2026-05-28 08:43:49.883441,22.4,69.8,37.7,27080,6.87,535
2026-05-28 08:53:49.883441,22.3,68.5,37.6,24067,7.02,517
2026-05-28 09:03:49.883441,22.1,69.4,37.7,31192,6.96,499
2026-05-28 09:13:49.883441,21.8,70.4,38.0,36648,6.93,442
2026-05-28 09:23:49.883441,22.2,70.5,38.0,35599,6.99,512
2026-05-28 09:33:49.883441,22.2,71.2,37.7,31418,7.0,539
2026-05-28 09:43:49.883441,23.4,69.7,37.9,35150,7.03,526
2026-05-28 09:53:49.883441,22.3,72.0,38.3,34785,7.06,527
2026-05-28 10:03:49.883441,21.7,69.6,37.8,42514,6.92,480
2026-05-28 10:13:49.883441,22.4,70.6,38.3,42858,6.95,509
2026-05-28 10:23:49.883441,22.5,69.4,38.2,45575,7.07,502
2026-05-28 10:33:49.883441,21.8,69.0,38.5,43586,6.93,502
2026-05-28 10:43:49.883441,22.9,70.9,38.0,40383,7.01,529
2026-05-28 10:53:49.883441,22.1,70.0,38.3,40302,7.02,496
2026-05-28 11:03:49.883441,21.2,68.6,38.5,49962,6.88,485
2026-05-28 11:13:49.883441,22.2,70.1,38.8,48781,6.93,501
2026-05-28 11:23:49.883441,22.8,68.7,38.5,46702,6.94,480
2026-05-28 11:33:49.883441,22.7,70.2,38.8,45911,6.97,530
2026-05-28 11:43:49.883441,23.0,71.9,38.6,46158,6.92,504
2026-05-28 11:53:49.883441,23.0,71.1,38.2,47585,6.88,491
2026-05-28 12:03:49.883441,22.6,70.4,37.8,52791,6.84,483
2026-05-28 12:13:49.883441,22.2,69.3,37.5,53326,7.03,481
2026-05-28 12:23:49.883441,22.7,70.6,37.5,49391,6.94,512
2026-05-28 12:33:49.883441,23.2,70.4,37.4,47587,6.98,532
2026-05-28 12:43:49.883441,22.3,67.9,37.3,48094,6.95,519
2026-05-28 12:53:49.883441,22.2,69.7,37.2,49172,7.0,485
2026-05-28 13:03:49.883441,23.0,70.1,36.8,49189,6.94,475
2026-05-28 13:13:49.883441,22.7,68.3,37.0,49722,7.0,487
2026-05-28 13:23:49.883441,22.8,67.5,37.3,50073,7.08,487
2026-05-28 13:33:49.883441,23.3,68.1,37.4,49541,7.0,468
2026-05-28 13:43:49.883441,22.7,69.0,37.6,42610,7.02,448
2026-05-28 13:53:49.883441,22.6,66.2,37.4,49337,6.95,521
2026-05-28 14:03:49.883441,23.4,68.8,37.7,41452,6.9,474
2026-05-28 14:13:49.883441,23.1,68.9,37.8,43593,6.93,489
2026-05-28 14:23:49.883441,22.5,68.7,37.7,43037,6.94,479
2026-05-28 14:33:49.883441,22.8,69.3,37.3,45189,6.96,475
2026-05-28 14:43:49.883441,22.4,68.6,36.7,44932,6.9,563
2026-05-28 14:53:49.883441,22.8,68.5,36.7,44006,6.97,432
2026-05-28 15:03:49.883441,23.1,68.6,36.4,37014,6.95,484
2026-05-28 15:13:49.883441,22.7,67.8,36.2,33547,6.87,495
2026-05-28 15:23:49.883441,23.7,68.7,36.1,36602,6.99,465
2026-05-28 15:33:49.883441,23.1,69.4,35.5,33879,6.92,506
2026-05-28 15:43:49.883441,22.2,68.7,35.7,36520,6.8,464
2026-05-28 15:53:49.883441,22.8,69.7,35.9,35591,6.97,459
2026-05-28 16:03:49.883441,22.8,68.8,36.1,25672,6.92,508
2026-05-28 16:13:49.883441,22.4,68.3,35.5,26612,6.96,548
2026-05-28 16:23:49.883441,23.9,68.3,35.6,22955,6.97,449
2026-05-28 16:33:49.883441,22.8,69.6,35.5,24519,6.95,525
2026-05-28 16:43:49.883441,23.8,68.6,35.1,27515,6.94,493
2026-05-28 16:53:49.883441,23.3,69.9,35.2,24073,6.92,507
2026-05-28 17:03:49.883441,21.7,68.5,35.4,12304,6.93,525
2026-05-28 17:13:49.883441,23.5,69.3,35.3,14959,7.08,543
2026-05-28 17:23:49.883441,22.5,69.1,35.4,15099,6.89,536
2026-05-28 17:33:49.883441,23.3,69.7,35.7,11627,6.96,487
2026-05-28 17:43:49.883441,24.2,69.6,35.7,12404,7.0,496
2026-05-28 17:53:49.883441,23.1,68.6,35.8,14329,6.88,507
2026-05-28 18:03:49.883441,22.7,69.3,36.0,559,6.94,500
2026-05-28 18:13:49.883441,23.5,69.2,36.3,843,6.97,547
2026-05-28 18:23:49.883441,23.5,68.3,36.2,990,6.96,494
2026-05-28 18:33:49.883441,22.9,70.2,35.8,0,6.88,513
2026-05-28 18:43:49.883441,23.3,66.4,36.1,1054,7.01,498
2026-05-28 18:53:49.883441,23.5,69.8,36.0,0,6.91,530
2026-05-28 19:03:49.883441,23.5,66.1,36.7,76,6.93,797
2026-05-28 19:13:49.883441,23.0,66.8,36.1,3,6.89,716
2026-05-28 19:23:49.883441,23.9,68.6,36.1,38,7.08,867
2026-05-28 19:33:49.883441,23.1,68.6,36.3,36,6.92,709
2026-05-28 19:43:49.883441,24.3,69.0,36.6,14,6.92,738
2026-05-28 19:53:49.883441,23.3,67.2,36.8,53,6.94,819
2026-05-28 20:03:49.883441,23.3,68.6,36.9,62,7.01,798
2026-05-28 20:13:49.883441,23.4,68.0,37.3,83,6.89,761
2026-05-28 20:23:49.883441,23.7,66.5,37.3,79,6.92,804
2026-05-28 20:33:49.883441,23.7,67.4,37.6,74,6.94,834
2026-05-28 20:43:49.883441,23.0,67.9,37.6,83,6.89,759
2026-05-28 20:53:49.883441,23.5,69.0,37.6,74,6.95,734
2026-05-28 21:03:49.883441,23.3,67.5,37.5,66,6.96,816
2026-05-28 21:13:49.883441,23.4,66.9,37.3,47,6.89,737
2026-05-28 21:23:49.883441,23.7,66.9,37.2,40,6.88,867
2026-05-28 21:33:49.883441,22.7,68.8,37.4,52,7.0,809
2026-05-28 21:43:49.883441,23.7,68.7,37.5,53,6.82,796
2026-05-28 21:53:49.883441,24.2,66.7,37.3,67,6.94,790
2026-05-28 22:03:49.883441,22.7,66.9,36.6,67,6.83,801
2026-05-28 22:13:49.883441,24.3,68.6,36.4,54,6.91,832
2026-05-28 22:23:49.883441,24.0,66.5,36.7,19,6.92,798
2026-05-28 22:33:49.883441,23.9,67.1,36.6,62,6.88,843
2026-05-28 22:43:49.883441,23.5,67.6,36.7,12,6.94,963
2026-05-28 22:53:49.883441,22.7,65.8,36.9,74,7.01,763
2026-05-28 23:03:49.883441,24.2,66.0,37.0,73,6.91,645
2026-05-28 23:13:49.883441,23.3,68.0,36.8,72,6.82,751
2026-05-28 23:23:49.883441,23.6,67.4,36.7,28,6.87,790
2026-05-28 23:33:49.883441,23.7,68.1,36.9,61,6.83,792
2026-05-28 23:43:49.883441,23.9,68.7,36.7,82,6.96,821
2026-05-28 23:53:49.883441,24.0,67.7,36.8,22,6.9,777
2026-05-29 00:03:49.883441,23.2,70.5,36.8,60,6.88,871
2026-05-29 00:13:49.883441,23.1,67.5,37.5,25,6.92,790
2026-05-29 00:23:49.883441,23.9,66.9,37.2,62,6.95,910
2026-05-29 00:33:49.883441,24.1,67.7,36.6,84,6.96,843
2026-05-29 00:43:49.883441,24.4,67.2,36.8,74,6.89,676
2026-05-29 00:53:49.883441,24.0,65.6,36.9,20,6.97,809
2026-05-29 01:03:49.883441,24.0,66.9,36.7,16,6.97,733
2026-05-29 01:13:49.883441,24.6,66.1,37.1,42,6.86,712
2026-05-29 01:23:49.883441,23.4,65.7,37.3,1,6.86,816
2026-05-29 01:33:49.883441,23.7,66.8,37.5,73,6.9,694
2026-05-29 01:43:49.883441,24.0,68.1,37.6,97,6.88,824
2026-05-29 01:53:49.883441,23.2,68.5,37.2,57,6.91,758
2026-05-29 02:03:49.883441,23.2,66.0,36.8,6,6.91,885
2026-05-29 02:13:49.883441,24.0,66.1,37.1,47,6.98,756
2026-05-29 02:23:49.883441,24.1,66.0,36.8,31,6.87,869
2026-05-29 02:33:49.883441,23.6,67.2,36.9,62,6.94,842
2026-05-29 02:43:49.883441,23.5,66.5,36.6,90,6.88,848
2026-05-29 02:53:49.883441,23.6,68.0,36.6,26,6.81,885
2026-05-29 03:03:49.883441,24.1,66.4,36.5,53,6.77,788
2026-05-29 03:13:49.883441,24.7,66.6,36.5,7,6.89,815
2026-05-29 03:23:49.883441,23.7,67.5,36.4,39,6.94,805
2026-05-29 03:33:49.883441,23.9,66.7,36.0,48,6.94,745
2026-05-29 03:43:49.883441,23.9,66.3,35.9,16,6.93,708
2026-05-29 03:53:49.883441,23.5,68.9,36.5,92,6.98,802
2026-05-29 04:03:49.883441,23.9,67.1,36.5,40,6.88,825
2026-05-29 04:13:49.883441,23.1,66.5,36.7,57,6.83,726
2026-05-29 04:23:49.883441,24.0,67.0,36.5,86,6.94,806
2026-05-29 04:33:49.883441,24.2,67.8,36.9,89,6.89,813
2026-05-29 04:43:49.883441,23.9,67.7,36.9,17,6.89,752
2026-05-29 04:53:49.883441,23.6,66.3,36.9,36,6.83,774
2026-05-29 05:03:49.883441,24.0,65.7,37.4,90,6.86,792
2026-05-29 05:13:49.883441,24.5,66.3,37.4,25,6.86,776
2026-05-29 05:23:49.883441,23.8,66.0,37.7,95,6.82,836
2026-05-29 05:33:49.883441,24.1,65.6,38.0,65,6.71,787
2026-05-29 05:43:49.883441,24.7,64.8,38.4,34,6.95,809
2026-05-29 05:53:49.883441,24.1,66.6,38.0,98,6.85,758
2026-05-29 06:03:49.883441,24.0,66.8,38.0,0,6.95,495
2026-05-29 06:13:49.883441,24.9,66.6,38.2,0,6.83,492
2026-05-29 06:23:49.883441,23.8,65.1,38.6,0,6.87,504
2026-05-29 06:33:49.883441,24.5,67.7,38.5,0,6.94,491
2026-05-29 06:43:49.883441,24.1,65.4,38.0,3901,6.75,546
2026-05-29 06:53:49.883441,24.9,66.3,37.4,1917,6.95,540
2026-05-29 07:03:49.883441,25.1,68.3,37.0,17792,6.78,529
2026-05-29 07:13:49.883441,24.1,65.8,37.1,10239,6.95,509
2026-05-29 07:23:49.883441,24.2,66.1,37.1,9088,6.94,490
2026-05-29 07:33:49.883441,24.5,64.5,36.9,14231,6.85,465
2026-05-29 07:43:49.883441,24.4,65.7,37.2,13078,6.87,440
2026-05-29 07:53:49.883441,24.1,66.2,36.9,10807,6.82,517
2026-05-29 08:03:49.883441,24.1,64.7,37.2,24652,6.8,515
2026-05-29 08:13:49.883441,25.3,65.2,37.3,26586,6.81,465
2026-05-29 08:23:49.883441,24.3,66.2,37.2,24377,6.74,484
2026-05-29 08:33:49.883441,23.5,65.5,37.3,24805,6.89,483
2026-05-29 08:43:49.883441,24.9,67.5,37.0,28729,6.91,518
2026-05-29 08:53:49.883441,25.0,66.4,36.8,23628,6.77,476
2026-05-29 09:03:49.883441,24.7,66.7,36.7,37295,6.86,470
2026-05-29 09:13:49.883441,23.6,65.5,36.5,33388,6.84,502
2026-05-29 09:23:49.883441,24.4,64.3,36.5,37283,6.8,464
2026-05-29 09:33:49.883441,23.8,64.7,36.3,31093,6.85,534
2026-05-29 09:43:49.883441,24.0,67.6,36.1,35064,6.78,516
2026-05-29 09:53:49.883441,25.0,66.6,36.2,33099,6.84,498
2026-05-29 10:03:49.883441,24.4,64.7,36.5,44194,6.88,537
2026-05-29 10:13:49.883441,24.5,65.4,36.9,38737,6.77,512
2026-05-29 10:23:49.883441,25.6,67.8,36.8,37756,6.92,523
2026-05-29 10:33:49.883441,24.5,65.7,36.6,45201,6.88,472
2026-05-29 10:43:49.883441,25.3,66.5,37.2,39711,6.87,526
2026-05-29 10:53:49.883441,24.0,63.5,36.9,41931,6.72,442
2026-05-29 11:03:49.883441,24.5,64.2,37.1,44585,6.84,536
2026-05-29 11:13:49.883441,25.3,65.5,36.8,51232,6.81,478
2026-05-29 11:23:49.883441,24.1,64.2,36.7,48034,6.83,477
2026-05-29 11:33:49.883441,24.3,66.0,36.5,49344,6.8,531
2026-05-29 11:43:49.883441,24.1,66.4,36.3,49187,6.8,540
2026-05-29 11:53:49.883441,25.7,66.3,36.2,48101,6.79,494
2026-05-29 12:03:49.883441,24.0,65.4,35.9,52305,6.86,464
2026-05-29 12:13:49.883441,25.9,63.7,35.5,47630,6.79,523
2026-05-29 12:23:49.883441,24.8,64.6,35.6,50698,6.81,511
2026-05-29 12:33:49.883441,24.3,66.1,35.5,49720,6.86,525
2026-05-29 12:43:49.883441,24.9,64.4,35.6,48041,6.81,566
2026-05-29 12:53:49.883441,24.9,65.6,35.6,50565,6.81,480
2026-05-29 13:03:49.883441,24.3,65.5,35.7,50605,6.81,470
2026-05-29 13:13:49.883441,25.0,66.6,35.6,49973,6.81,504
2026-05-29 13:23:49.883441,25.1,65.7,35.2,51127,6.88,486
2026-05-29 13:33:49.883441,24.9,64.7,34.8,49719,6.81,499
2026-05-29 13:43:49.883441,25.1,64.4,35.1,50229,6.84,474
2026-05-29 13:53:49.883441,24.3,64.7,34.9,48924,6.81,485
2026-05-29 14:03:49.883441,25.7,66.1,35.1,44321,6.81,487
2026-05-29 14:13:49.883441,25.8,66.8,35.3,44794,6.8,469
2026-05-29 14:23:49.883441,24.9,65.7,35.3,43954,6.87,502
2026-05-29 14:33:49.883441,24.6,64.1,35.4,47168,6.71,513
2026-05-29 14:43:49.883441,25.5,64.7,35.4,43766,6.72,500
2026-05-29 14:53:49.883441,25.0,63.9,35.6,46366,6.73,474
2026-05-29 15:03:49.883441,25.7,63.4,35.8,33052,6.85,401
2026-05-29 15:13:49.883441,25.0,64.2,35.6,30586,6.84,522
2026-05-29 15:23:49.883441,25.4,64.2,35.7,35880,6.66,521
2026-05-29 15:33:49.883441,24.7,64.9,35.5,37977,6.78,412
2026-05-29 15:43:49.883441,25.0,64.3,35.7,35524,6.73,473
2026-05-29 15:53:49.883441,26.0,62.7,35.2,37637,6.82,466
2026-05-29 16:03:49.883441,25.2,64.7,35.1,26496,6.77,465
2026-05-29 16:13:49.883441,24.6,64.5,34.7,23572,6.77,524
2026-05-29 16:23:49.883441,25.3,65.2,34.6,24925,6.79,523
2026-05-29 16:33:49.883441,26.4,65.2,34.3,27527,6.74,496
2026-05-29 16:43:49.883441,25.7,64.8,34.8,24657,6.79,515
2026-05-29 16:53:49.883441,25.4,64.1,34.8,23934,6.8,495
2026-05-29 17:03:49.883441,25.9,62.6,35.3,11037,6.75,455
2026-05-29 17:13:49.883441,26.2,63.7,35.1,13499,6.79,543
2026-05-29 17:23:49.883441,24.8,64.2,34.7,9944,6.87,476
2026-05-29 17:33:49.883441,25.5,63.2,34.6,12437,6.8,481
2026-05-29 17:43:49.883441,26.4,65.1,34.7,12206,6.75,500
2026-05-29 17:53:49.883441,25.1,63.7,34.6,13526,6.85,475
2026-05-29 18:03:49.883441,24.3,65.0,34.4,0,6.79,559
2026-05-29 18:13:49.883441,25.5,64.2,34.4,0,6.72,548
2026-05-29 18:23:49.883441,24.1,64.2,35.0,1470,6.82,513
2026-05-29 18:33:49.883441,24.7,63.8,35.1,0,6.69,455
2026-05-29 18:43:49.883441,25.3,64.3,34.8,0,6.81,486
2026-05-29 18:53:49.883441,25.1,62.5,35.3,127,6.79,498
2026-05-29 19:03:49.883441,25.9,65.3,35.4,92,6.75,805
2026-05-29 19:13:49.883441,25.8,65.1,35.8,97,6.79,772
2026-05-29 19:23:49.883441,24.8,64.9,35.8,34,6.85,743
2026-05-29 19:33:49.883441,27.0,65.1,35.8,48,6.74,759
2026-05-29 19:43:49.883441,25.4,63.3,35.5,14,6.81,769
2026-05-29 19:53:49.883441,26.9,64.8,35.6,38,6.61,817
2026-05-29 20:03:49.883441,24.8,64.5,36.1,87,6.82,866
2026-05-29 20:13:49.883441,25.9,63.4,35.7,92,6.77,785
2026-05-29 20:23:49.883441,25.9,63.9,36.1,38,6.75,735
2026-05-29 20:33:49.883441,25.7,62.7,36.1,57,6.67,821
2026-05-29 20:43:49.883441,25.1,62.8,35.8,81,6.72,707
2026-05-29 20:53:49.883441,25.1,62.3,35.3,18,6.65,717
2026-05-29 21:03:49.883441,26.0,63.9,35.4,14,6.79,708
2026-05-29 21:13:49.883441,25.6,63.3,35.8,85,6.76,850
2026-05-29 21:23:49.883441,25.5,62.3,35.7,20,6.84,780
2026-05-29 21:33:49.883441,25.2,64.3,35.9,2,6.79,770
2026-05-29 21:43:49.883441,25.7,63.2,36.1,31,6.81,891
2026-05-29 21:53:49.883441,24.9,64.3,36.2,52,6.72,750
2026-05-29 22:03:49.883441,26.1,63.7,36.1,15,6.77,724
2026-05-29 22:13:49.883441,25.9,65.5,36.3,95,6.75,734
2026-05-29 22:23:49.883441,25.0,65.2,36.0,64,6.81,816
2026-05-29 22:33:49.883441,26.0,63.4,35.8,34,6.7,743
2026-05-29 22:43:49.883441,26.5,63.4,35.3,65,6.71,820
2026-05-29 22:53:49.883441,25.3,63.3,35.3,14,6.7,826
2026-05-29 23:03:49.883441,25.4,65.9,34.4,56,6.76,734
2026-05-29 23:13:49.883441,25.9,64.0,34.5,64,6.79,716
2026-05-29 23:23:49.883441,26.2,64.8,34.4,63,6.77,743
2026-05-29 23:33:49.883441,25.8,63.7,34.5,80,6.68,855
2026-05-29 23:43:49.883441,25.1,65.3,35.3,63,6.69,820
2026-05-29 23:53:49.883441,26.6,64.7,34.9,42,6.79,793
2026-05-30 00:03:49.883441,25.1,63.6,34.3,97,6.66,825
2026-05-30 00:13:49.883441,26.2,61.9,34.3,38,6.73,810
2026-05-30 00:23:49.883441,25.5,63.6,34.1,95,6.73,750
2026-05-30 00:33:49.883441,25.8,63.3,34.4,96,6.74,817
2026-05-30 00:43:49.883441,26.0,64.5,34.5,90,6.68,821
2026-05-30 00:53:49.883441,26.1,63.0,34.4,41,6.62,783
2026-05-30 01:03:49.883441,26.0,61.9,34.1,46,6.7,749
2026-05-30 01:13:49.883441,26.6,64.2,34.4,22,6.9,716
2026-05-30 01:23:49.883441,24.5,62.8,34.5,64,6.76,800
2026-05-30 01:33:49.883441,25.6,63.0,34.6,54,6.81,821
2026-05-30 01:43:49.883441,25.2,62.6,34.5,80,6.74,821
2026-05-30 01:53:49.883441,26.0,61.6,34.0,80,6.73,789
2026-05-30 02:03:49.883441,25.7,64.0,33.9,92,6.69,827
2026-05-30 02:13:49.883441,26.5,62.9,33.5,44,6.7,920
2026-05-30 02:23:49.883441,26.5,64.2,33.6,17,6.78,868
2026-05-30 02:33:49.883441,26.0,64.3,33.4,56,6.72,753
2026-05-30 02:43:49.883441,25.7,65.3,33.4,76,6.7,884
2026-05-30 02:53:49.883441,26.0,63.5,33.3,12,6.71,771
2026-05-30 03:03:49.883441,25.9,63.1,32.5,3,6.8,773
2026-05-30 03:13:49.883441,25.6,63.1,32.4,99,6.73,811
2026-05-30 03:23:49.883441,25.7,60.5,32.4,71,6.75,871
2026-05-30 03:33:49.883441,26.6,63.1,32.3,99,6.8,833
2026-05-30 03:43:49.883441,25.9,62.1,32.1,83,6.66,843
2026-05-30 03:53:49.883441,25.7,63.2,32.1,26,6.72,745
2026-05-30 04:03:49.883441,26.4,64.2,32.6,65,6.67,685
2026-05-30 04:13:49.883441,26.4,62.3,32.8,82,6.64,776
2026-05-30 04:23:49.883441,26.8,61.3,32.5,47,6.73,763
2026-05-30 04:33:49.883441,26.7,62.9,32.1,94,6.66,839
2026-05-30 04:43:49.883441,26.3,61.6,32.6,58,6.7,817
2026-05-30 04:53:49.883441,25.8,61.2,32.5,90,6.72,842
2026-05-30 05:03:49.883441,25.8,62.5,32.5,68,6.74,792
2026-05-30 05:13:49.883441,26.5,63.0,33.0,18,6.66,677
2026-05-30 05:23:49.883441,27.5,61.3,33.2,54,6.76,796
2026-05-30 05:33:49.883441,25.7,62.5,33.5,10,6.67,799
2026-05-30 05:43:49.883441,26.7,60.7,32.9,57,6.72,839
2026-05-30 05:53:49.883441,27.1,63.3,32.4,66,6.75,822
2026-05-30 06:03:49.883441,26.4,63.5,31.8,0,6.7,509
2026-05-30 06:13:49.883441,26.7,62.2,31.5,2419,6.73,446
2026-05-30 06:23:49.883441,27.1,62.2,30.9,913,6.7,500
2026-05-30 06:33:49.883441,26.0,62.0,31.6,26,6.68,480
2026-05-30 06:43:49.883441,26.2,62.7,31.6,0,6.7,512
2026-05-30 06:53:49.883441,26.3,63.0,31.7,0,6.68,525
2026-05-30 07:03:49.883441,26.3,61.4,31.1,12553,6.63,477
2026-05-30 07:13:49.883441,26.3,62.1,31.3,13116,6.69,494
2026-05-30 07:23:49.883441,26.9,62.2,31.3,13120,6.63,509
2026-05-30 07:33:49.883441,26.7,62.8,31.4,14262,6.72,504
2026-05-30 07:43:49.883441,27.1,63.7,31.4,10723,6.65,498
2026-05-30 07:53:49.883441,27.0,63.0,31.6,15942,6.68,452
2026-05-30 08:03:49.883441,26.2,62.5,31.6,22245,6.67,505
2026-05-30 08:13:49.883441,26.8,62.0,31.5,25510,6.65,537
2026-05-30 08:23:49.883441,27.5,61.3,30.9,24247,6.72,509
2026-05-30 08:33:49.883441,28.1,61.2,31.3,27889,6.71,527
2026-05-30 08:43:49.883441,26.4,61.0,31.5,24602,6.74,493
2026-05-30 08:53:49.883441,26.5,61.0,31.7,24668,6.7,510
2026-05-30 09:03:49.883441,26.6,62.9,32.1,34806,6.66,472
2026-05-30 09:13:49.883441,26.4,61.1,31.7,37516,6.75,488
2026-05-30 09:23:49.883441,26.8,61.3,31.6,35526,6.68,502
2026-05-30 09:33:49.883441,26.8,62.0,31.7,36922,6.74,512
2026-05-30 09:43:49.883441,26.9,61.6,32.4,37454,6.66,524
2026-05-30 09:53:49.883441,27.1,61.7,32.8,38618,6.7,484
2026-05-30 10:03:49.883441,26.1,62.3,33.0,43120,6.59,500
2026-05-30 10:13:49.883441,26.4,60.2,33.3,38528,6.68,499
2026-05-30 10:23:49.883441,26.5,62.3,33.2,43345,6.61,499
2026-05-30 10:33:49.883441,27.5,62.1,33.0,46015,6.68,521
2026-05-30 10:43:49.883441,26.0,60.7,33.3,42616,6.62,516
2026-05-30 10:53:49.883441,26.6,62.7,33.3,42294,6.72,544
2026-05-30 11:03:49.883441,26.4,62.0,33.2,49412,6.73,535
2026-05-30 11:13:49.883441,27.5,61.6,33.3,42213,6.6,481
2026-05-30 11:23:49.883441,26.5,61.5,33.5,50936,6.59,561
2026-05-30 11:33:49.883441,27.3,60.5,33.8,51023,6.64,507
2026-05-30 11:43:49.883441,27.2,61.1,34.1,48590,6.68,530
2026-05-30 11:53:49.883441,26.7,59.4,34.0,49419,6.67,457
2026-05-30 12:03:49.883441,27.4,62.3,33.8,51919,6.64,518
2026-05-30 12:13:49.883441,26.2,60.9,33.4,53485,6.64,462
2026-05-30 12:23:49.883441,27.2,61.3,33.2,48043,6.65,500
2026-05-30 12:33:49.883441,27.4,59.4,33.8,54057,6.63,477
2026-05-30 12:43:49.883441,26.9,62.3,34.1,46157,6.65,492
2026-05-30 12:53:49.883441,27.4,63.0,34.1,51159,6.63,504
2026-05-30 13:03:49.883441,27.6,62.0,34.5,43799,6.68,477
2026-05-30 13:13:49.883441,27.2,60.7,34.7,48832,6.65,498
2026-05-30 13:23:49.883441,27.2,61.8,33.7,51379,6.65,487
2026-05-30 13:33:49.883441,27.2,60.8,34.2,50214,6.66,499
2026-05-30 13:43:49.883441,26.5,60.9,34.2,48945,6.74,464
2026-05-30 13:53:49.883441,26.6,62.4,34.3,49074,6.55,520
2026-05-30 14:03:49.883441,26.0,61.8,34.1,44421,6.65,507
2026-05-30 14:13:49.883441,27.1,62.4,34.4,45107,6.72,490
2026-05-30 14:23:49.883441,27.1,60.0,34.0,47016,6.7,495
2026-05-30 14:33:49.883441,28.1,61.6,33.5,40191,6.65,499
2026-05-30 14:43:49.883441,26.6,59.4,33.5,44843,6.61,497
2026-05-30 14:53:49.883441,26.5,60.0,33.7,42666,6.65,511
2026-05-30 15:03:49.883441,27.1,60.8,34.1,35621,6.78,536
2026-05-30 15:13:49.883441,27.3,59.5,33.7,34592,6.57,545
2026-05-30 15:23:49.883441,27.3,59.8,33.8,34923,6.65,527
2026-05-30 15:33:49.883441,26.7,60.6,33.4,34463,6.65,512
2026-05-30 15:43:49.883441,27.8,60.6,33.9,32708,6.55,519
2026-05-30 15:53:49.883441,27.4,61.8,33.8,34443,6.58,485
2026-05-30 16:03:49.883441,27.8,59.0,33.5,27277,6.55,515
2026-05-30 16:13:49.883441,27.3,62.2,33.6,24974,6.56,531
2026-05-30 16:23:49.883441,27.4,60.4,34.0,24845,6.6,492
2026-05-30 16:33:49.883441,26.9,60.9,34.1,23443,6.6,454
2026-05-30 16:43:49.883441,27.4,60.9,34.3,22668,6.55,484
2026-05-30 16:53:49.883441,27.7,61.7,34.9,26644,6.55,529
2026-05-30 17:03:49.883441,27.3,62.0,34.7,12764,6.65,532
2026-05-30 17:13:49.883441,27.5,58.7,34.6,10059,6.58,450
2026-05-30 17:23:49.883441,27.5,59.0,34.7,13277,6.63,539
2026-05-30 17:33:49.883441,27.3,61.4,34.2,11924,6.63,464
2026-05-30 17:43:49.883441,27.9,61.3,34.1,14864,6.6,501
2026-05-30 17:53:49.883441,26.7,61.1,34.2,10124,6.67,515
2026-05-30 18:03:49.883441,27.4,60.7,33.8,2449,6.63,479
2026-05-30 18:13:49.883441,27.9,59.3,33.3,0,6.6,534
2026-05-30 18:23:49.883441,27.4,58.7,33.3,0,6.67,466
2026-05-30 18:33:49.883441,27.8,60.7,33.7,0,6.67,496
2026-05-30 18:43:49.883441,27.0,58.1,33.3,2564,6.62,500
2026-05-30 18:53:49.883441,27.2,58.3,33.1,0,6.69,527
2026-05-30 19:03:49.883441,27.5,58.7,33.4,15,6.64,848
2026-05-30 19:13:49.883441,27.0,62.2,33.6,66,6.61,803
2026-05-30 19:23:49.883441,28.1,60.7,33.4,47,6.61,790
2026-05-30 19:33:49.883441,27.8,58.7,32.8,57,6.63,878
2026-05-30 19:43:49.883441,27.6,60.4,32.8,90,6.59,740
2026-05-30 19:53:49.883441,27.5,61.1,32.8,18,6.68,784
2026-05-30 20:03:49.883441,27.4,59.7,32.8,36,6.7,674
2026-05-30 20:13:49.883441,27.9,61.5,32.9,56,6.57,829
2026-05-30 20:23:49.883441,27.0,60.2,32.4,5,6.54,816
2026-05-30 20:33:49.883441,28.0,61.0,32.3,81,6.54,825
2026-05-30 20:43:49.883441,28.4,59.6,32.7,75,6.6,833
